id,index,energy,tempo,roughness,pleasantness,arousal,sensationTags,emotionTags,metaphors,usageExamples,sensationD1 (Complexity),sensationD2 (Continuity),sensationD3 (Roughness),sensationD4 (Duration),emotionD1 (Agitation),emotionD2 (Liveliness),emotionD3 (Strangeness),"metaphorD1 (onoff, nuanced/ongoing, repetitive)",metaphorD2 (natural vs mechanical),UsageD1 (awareness/attentiondemand)
v-09-09-8-11,11,-2,0.769230769,-2.615384615,0.692307692,-2.461538462,"simple,discontinuous,soft,grainy,short","comfortable,calm,natural,familiar,pleasant,boring,predictable","hearbeat,pulsing,tapping,poking","confirmation,get ready,milestone,reminder,battery low,incoming msg,pause,resume",-0.25742,0.0023986,0.23555,-0.1684,-0.49331,-0.30618,-0.00080492,-0.38084,-0.31694,-0.53884
v-09-09-8-20,12,-1,0.538461538,-0.692307692,1.153846154,-0.384615385,"smooth,simple,regular,bumpy,discontinuous,soft,long","lively,pleasant,calm,natural,familiar,comfortable,rhythmic","hearbeat,tapping,animal","one minute left,running out of time,get ready,above intended threshold,below intended threshold,reminder,warning",-0.3394,-0.02395,-0.25087,-0.095908,-0.45887,0.11159,-0.21033,-0.22346,-0.38042,0.013275
v-09-09-8-24,13,0.285714286,-0.571428571,0.071428571,-2,1,"ramping up,dynamic,grainy,smooth transition,complex,long","annoying,predictable,agitating,mechanical,uncomfortable","engine,coming or going","alarm,get ready,warmup",0.32069,0.37229,-0.029442,0.30074,0.37412,-0.32225,-0.04918,0.46933,-0.11775,0.010232
v-09-10-11-55,14,2.230769231,-0.538461538,1.230769231,-1.076923077,1.846153846,"dynamic,discontinuous,rough,ramping up,long,complex","uncomfortable,surprising,annoying,mechanical,urgent,lively","alarm,jumping,sliding,phone","overtime,below intended threshold,above intended threshold,finish,alarm,slow down,warmup,cooldown",0.30143,0.060182,0.0057874,0.22299,0.40956,0.073756,-0.050697,0.02378,0.42235,0.24825
v-09-10-11-58,10,0.5,-2,0.5,0.5,0,"continuous,regular,long,soft,ramping up,changing","natural,boring,predictable,annoying,unpleasant","purring,snoring,animal,coming or going","incoming msg,pause,overtime,slow down,warning",-0.26377,0.3626,-0.23801,0.29357,-0.032187,-0.40865,0.037504,0.32804,-0.1054,-0.16139
v-09-10-12-11,15,2.076923077,2.307692308,2.076923077,-1.692307692,2.230769231,"rough,regular,discontinuous,long,grainy","annoying,angry,uncomfortable,urgent,agitating","alarm,electric shock","overtime,alarm,finish,below intended threshold",-0.088422,-0.21268,0.098593,0.4236,0.47025,-0.020702,0.11842,0.044788,0.43489,0.37761
v-09-10-12-13,16,2.846153846,1.538461538,1.384615385,0.538461538,2.230769231,"rough,bumpy,discontinuous,long,regular","urgent,lively,angry,energetic,rhythmic","alarm,tapping,musical instruments,drums,beep,phone,celebration","running out of time,alarm,overtime,finish,warning,above intended threshold,below intended threshold",-0.089825,-0.26587,-0.048615,0.19161,0.184,0.31322,-0.29882,-0.31661,0.2518,0.3856
v-09-10-12-16,17,2.222222222,0.111111111,0.666666667,0.111111111,2.111111111,"discontinuous,dynamic,regular,grainy","predictable,urgent,annoying,mechanical,familiar","musical instruments,beep","one minute left,running out of time,overtime,finish,alarm,warning,battery low",0.0899,-0.18426,-0.10367,0.22455,0.26127,-0.37847,-0.13893,-0.15748,0.12492,0.19821
v-09-10-12-2,18,-1.583333333,-0.833333333,-1.666666667,1.083333333,-1.083333333,"regular,smooth,discontinuous,bumpy,soft","comfortable,pleasant,boring,predictable,calm","snoring,buzz","speed up,reminder,encouragement,above intended threshold,below intended threshold,start,running out of time,one minute left,finish,overtime,alarm,resume,halfway",-0.24138,-0.16908,-0.38019,-0.12205,-0.46305,-0.31359,-0.0060643,0.27078,-0.058018,0.25365
v-09-10-12-6,19,-1,-2,-1,0.083333333,-1.083333333,"long,flat,simple,regular,discontinuous,smooth,ramping down","boring,predictable,calm,mechanical,sad","snoring,bell,walking,alarm,coming or going","slow down,get ready,below intended threshold,finish",-0.35542,0.021345,-0.11863,0.053346,-0.085769,-0.53171,-0.060418,0.1975,0.26372,-0.071622
v-09-10-12-9,20,1.727272727,1.727272727,1.909090909,-1.363636364,2,"rough,spiky,discontinuous,dynamic,regular","agitating,mechanical,annoying,angry","tapping,alarm,musical instruments,drums,animal","speed up,alarm,reminder,above intended threshold",0.076545,-0.2585,0.0028853,0.17092,0.44701,-0.15086,-0.052454,-0.21545,0.098867,0.24939
v-09-10-3-52,21,1.923076923,1.846153846,0.384615385,1.230769231,0.692307692,"regular,spiky,discontinuous,simple,bumpy","rhythmic,energetic,attention-getting,interesting,lively,pleasant,unique,happy","tapping,morse code,phone,alarm","reminder,get ready,halfway,milestone,encouragement,warning,above intended threshold,below intended threshold,speed up,interval/rep,warmup,one minute left,running out of time,start,alarm,overtime",-0.27698,-0.26402,-0.017706,-0.13358,-0.15419,0.4729,-0.18696,-0.29855,0.19062,0.10942
v-09-10-3-56,22,1.777777778,2.555555556,1.777777778,-0.333333333,2.222222222,"grainy,rough,discontinuous,spiky,short","agitating,mechanical,urgent,annoying,lively,unique",gun,"alarm,finish,one minute left,above intended threshold,incoming msg,running out of time",0.0070744,-0.22892,0.43013,0.045886,0.40113,0.15262,-0.047315,0.17865,-0.12955,0.32972
v-09-10-4-2,0,1.545454545,2,1.272727273,0.727272727,1.727272727,"dynamic,regular,grainy,rough",urgent,"tapping,pulsing","speed up,running out of time,overtime,finish,encouragement,warning,one minute left",0.12365,0.0060209,0.077091,0.43113,0.27237,0.0062303,0.051609,-0.37941,-0.34829,0.30064
v-09-10-4-20,23,-2,-0.909090909,-1.454545455,0.636363636,-2.090909091,"regular,smooth,discontinuous,soft","calm,comfortable,natural,predictable,familiar","hearbeat,pawing,animal,tapping","reminder,battery low,slow down",-0.28156,-0.1474,-0.35709,0.0056615,-0.47072,-0.29799,0.023449,-0.18746,-0.36822,-0.41213
v-09-10-4-23,24,-2.444444444,0.444444444,-1.222222222,0.888888889,-2,"regular,discontinuous,smooth,soft,long","calm,pleasant,familiar,comfortable","hearbeat,tapping,pawing,clock",,-0.27075,-0.071682,-0.35807,0.095613,-0.53656,-0.10765,0.0064701,-0.33472,-0.33955,-0.12945
v-09-10-4-25,25,1,1.666666667,0.444444444,1.444444444,1.555555556,"dynamic,discontinuous,ramping up,spiky,rough,complex","urgent,agitating,comfortable,natural,familiar,interesting,unique","engine,hearbeat,tapping","speed up,running out of time,warmup",0.30444,-0.057895,0.072228,0.10421,-0.086995,0.19482,0.1296,-0.071957,-0.40401,0.21789
v-09-10-4-6,26,0.571428571,0.357142857,0.642857143,0.857142857,0.928571429,"grainy,discontinuous,regular,dynamic,ramping up","interesting,pleasant,energetic,attention-catching,comfortable,happy,surprising,lively","tapping,coming or going,animal","encouragement,one minute left,running out of time,speed up,warning",0.086285,-0.083195,-0.1063,0.31844,-0.24846,0.39803,-0.051414,-0.063145,-0.29423,0.18546
v-09-10-6-16,27,-1.111111111,1.888888889,-0.555555556,-0.222222222,-0.111111111,"regular,discontinuous,dynamic,bumpy,smooth,soft","mechanical,rhythmic","tapping,beep,hearbeat","overtime,speed up,alarm",-0.045545,-0.070426,-0.39777,-0.091901,0.1946,-0.04773,-0.38612,-0.446,-0.23379,0.42012
v-09-10-6-22,28,-1.25,0.416666667,-0.5,0.833333333,0.25,"continuous,grainy,complex,dynamic,smooth,bumpy,soft","boring,predictable,annoying,mechanical,comfortable,pleasant,strange","gun,electric shock,engine,riding","running out of time,overtime,one minute left,alarm,get ready,incoming msg",0.13843,0.35934,-0.24496,-0.13918,-0.070521,-0.29349,0.098393,0.37337,-0.066359,0.18451
v-09-10-6-27,29,2.923076923,3,2.538461538,-1,2.923076923,"rough,regular,discontinuous,spiky,firm","agitating,urgent,angry,fear,uncomfortable,annoying,mechanical","tapping,beep,alarm,musical instruments,drums","speed up,alarm,above intended threshold,below intended threshold,finish,running out of time,overtime,warning",-0.12107,-0.35965,0.12908,0.16952,0.50509,-0.11599,-0.013441,-0.38544,0.20751,0.42073
v-09-10-6-38,30,1.909090909,0.909090909,0.090909091,0.636363636,0.909090909,"ramping up,continuous,simple,smooth transition","mechanical,urgent","getting close,engine","speed up,alarm,warmup",-0.2106,0.54619,0.19165,0.040395,0.41336,-0.14813,-0.14435,0.4006,-0.15422,0.26357
v-09-10-6-43,31,-2.615384615,0.461538462,-2.461538462,0.923076923,-2.230769231,"smooth,bumpy,soft,discontinuous,dynamic,wavy","calm,comfortable,funny,natural,pleasant,lively,happy","pulsing,game,tapping,snoring,sliding","halfway,get ready,milestone,resume,interval/rep,warmup,cooldown,warning,reminder",0.066935,0.0089372,-0.35531,-0.25318,-0.44908,0.15612,-0.078201,-0.16547,-0.10165,-0.37732
v-09-10-6-46,32,-1.111111111,0,-0.777777778,1.111111111,-0.555555556,"discontinuous,complex,smooth,continuous,soft,dynamic","unique,interesting,comfortable,strange,surprising",,"battery low,encouragement,milestone,reminder,warning,get ready,resume,pause",0.13809,0.22986,-0.27281,-0.17092,-0.17221,0.32358,0.44839,0.20274,-0.29397,-0.43242
v-09-10-6-5,33,2,1.777777778,1,0.555555556,1.444444444,"discontinuous,simple,bumpy,spiky,firm","urgent,lively,interesting,calm,rhythmic","tapping,musical instruments,drums,hearbeat,clock","one minute left,interval/rep,get ready,warning,battery low,reminder",-0.1611,-0.22822,0.14799,-0.33592,-0.050515,0.25991,-0.18619,-0.39021,-0.19892,-0.34124
v-09-10-6-59,1,-1.5,1,0.666666667,-0.333333333,-1.333333333,"grainy,irregular,dynamic","boring,predictable,mechanical,fear","engine,buzz,animal,riding,shaking","battery low,warning,start,reminder,warmup,cooldown",0.47676,0.20058,0.088154,0.088863,0.11918,-0.47759,-0.13366,0.43616,-0.1441,-0.32004
v-09-10-7-34,34,-1.153846154,0.153846154,-0.230769231,1.076923077,-0.923076923,"discontinuous,regular,bumpy,simple","calm,energetic,interesting,lively,natural,predictable,familiar","tapping,poking,hearbeat","interval/rep,warmup,cooldown,reminder,warning,speed up,below intended threshold,milestone,encouragement,confirmation,incoming msg,resume,get ready",-0.29293,-0.22959,-0.051054,-0.10646,-0.32018,-0.021132,-0.10815,-0.40423,-0.30603,-0.23755
v-09-10-7-36,35,2.642857143,1.571428571,1,-0.928571429,2.071428571,"short,continuous,ramping up,simple,rough,regular,round","predictable,mechanical,urgent,agitating,familiar,lively","buzz,animal,coming or going,bell","one minute left,finish,running out of time,warning,alarm,interval/rep,encouragement,resume,milestone",-0.28943,0.25181,0.28178,0.17796,0.21642,-0.11909,-0.18281,0.33867,-0.03079,0.087856
v-09-10-7-9,36,-1.923076923,0.615384615,-0.307692308,2.78E-17,-0.153846154,"regular,discontinuous,simple,grainy,spiky","pleasant,calm,familiar,mechanical,boring,predictable",tapping,"halfway,reminder,milestone,one minute left,resume,warning,pause,get ready",-0.2731,-0.2217,0.14561,0.099395,-0.22432,-0.45363,-0.12604,-0.36073,-0.42923,-0.37629
v-09-10-8-5,2,0.727272727,1.454545455,0.454545455,-0.272727273,1,"discontinuous,irregular,bumpy,dynamic","lively,comfortable,happy,interesting","game,poking,alarm","battery low,incoming msg,speed up,reminder,resume,overtime",0.36687,-0.17574,-0.11776,-0.23073,-0.28901,0.38968,-0.089905,-0.10579,0.43845,-0.16163
v-09-10-8-7,37,0.307692308,1.692307692,0.615384615,1.153846154,1,"discontinuous,bumpy,regular,soft,short,simple","lively,happy,rhythmic,interesting,pleasant,comfortable,energetic,natural,familiar","game,pulsing,poking,tapping,buzz","milestone,encouragement,one minute left,running out of time,finish,overtime,warning,alarm,below intended threshold,above intended threshold,speed up,warmup,cooldown,interval/rep,get ready,reminder",-0.35917,-0.11527,-0.024819,-0.23203,-0.36173,0.29762,-0.24167,-0.239,-0.091095,0.13044
v-09-11-3-12,3,1.909090909,1.636363636,1.363636364,-0.181818182,2,"regular,discontinuous,spiky","urgent,mechanical,lively,rhythmic","alarm,phone,SOS","overtime,running out of time,alarm,speed up,warning,encouragement",-0.18323,-0.41676,-0.093329,0.089192,0.27757,0.15352,-0.36506,-0.0048294,0.46454,0.37803
v-09-11-3-16,38,1.5,0.928571429,0.5,-0.642857143,1.714285714,"dynamic,rough,continuous,irregular,bumpy","annoying,urgent,agitating,mechanical,angry,surprising,interesting,rhythmic","alarm,phone,musical instruments,drums","running out of time,finish,overtime,alarm,one minute left,warmup,cooldownwarm up/cool down,milestone",0.37893,0.21548,0.093527,-0.090628,0.3992,0.14043,-0.079912,-0.10047,0.44816,0.25258
v-09-11-3-19,39,2.272727273,0.818181818,0.454545455,2.78E-17,1.909090909,"irregular,discontinuous,complex,dynamic,smooth,ticklish,firm","urgent,lively,unique,rhythmic,agitating,surprising,uncomfortable","morse code,horn,game,phone,alarm","one minute left,running out of time,above intended threshold,speed up,warning,alarm,last one,almost done",0.32757,0.015537,-0.14297,-0.17341,0.27166,0.38936,-0.010079,-0.038277,0.46543,0.31368
v-09-11-3-21,40,2.222222222,1.444444444,0.888888889,1,1.777777778,"discontinuous,bumpy,spiky,simple,short,firm","rhythmic,energetic,comfortable,mechanical","hearbeat,phone","overtime,finish,alarm,running out of time,above intended threshold,below intended threshold,encouragement,get ready,reminder,confirmation,milestone",-0.18822,-0.18029,0.23944,-0.39212,-0.068223,0.053643,-0.3215,-0.073682,-0.0080061,0.1532
v-09-11-3-24,41,0.555555556,1.111111111,-0.222222222,1.555555556,1.333333333,"smooth,complex,dynamic,bumpy,irregular","unique,rhythmic,comfortable,happy,interesting,lively,pleasant",engine,"encouragement,milestone,congratulations",0.39435,0.17484,-0.30183,-0.27673,-0.28842,0.44177,-0.14755,0.50451,-0.24995,-0.13747
v-09-11-3-4,42,1.75,0.75,0.833333333,0.083333333,1.75,"continuous,dynamic,ramping down,irregular,complex","unique,urgent,mechanical,surprising,strange","alarm,engine","running out of time,one minute left,encouragement,warning,reminder",0.43778,0.40335,-0.032517,-0.10465,0.32242,0.079468,0.28224,0.32001,0.27959,0.014399
v-09-11-3-43,43,1.454545455,1.090909091,-0.181818182,0.636363636,1.363636364,"dynamic,complex,irregular","lively,rhythmic,unique,funny","dancing,tapping,musical instruments","get ready,encouragement",0.59611,0.21078,-0.074386,-0.12861,-0.045496,0.45641,-0.16298,-0.35658,-0.18732,-0.17791
v-09-11-3-50,44,-0.090909091,0.090909091,0.818181818,0.090909091,-0.090909091,"bumpy,discontinuous,regular","lively,rhythmic,mechanical","game,jumping","reminder,one minute left,running out of time,warning,below intended threshold,get ready,interval/rep",-0.13807,-0.37954,-0.21074,-0.015712,0.1467,0.13492,-0.4383,-0.0094664,0.16172,-0.084488
v-09-11-3-54,45,0.076923077,0.153846154,-0.769230769,1.615384615,0.230769231,"regular,bumpy,dynamic,discontinuous,smooth,soft","calm,comfortable,familiar,happy,lively,interesting,pleasant,rhythmic,natural","hearbeat,pulsing,tapping,clock,jumping","below intended threshold,one minute left,speed up,warmup,cooldown,start,get ready,resume,pause,confirmation,warning,reminder,encouragement,battery low,milestone,interval/rep,cooldownwarm up/cool down,running out of time,incoming msg,overtime,slow down,alarm",-0.045545,-0.070426,-0.39777,-0.091901,-0.43521,0.20461,-0.18418,-0.33825,-0.29275,-0.11354
v-09-11-3-56,46,1.222222222,1.222222222,0.111111111,0.333333333,1.444444444,"irregular,dynamic,discontinuous,complex,bumpy","unique,interesting,comfortable,lively,surprising,strange",,"halfway,encouragement,one minute left,warning,reminder",0.41268,-0.14148,-0.11749,-0.24266,-0.16021,0.42876,0.31265,0.20274,-0.29397,-0.13274
v-09-11-3-8,47,0.75,1,0.666666667,0.583333333,0.833333333,"irregular,dynamic,grainy,discontinuous","funny,unique,strange,comfortable,lively,natural",engine,"incoming msg,speed up,warning,encouragement,milestone,one minute left,below intended threshold,above intended threshold,running out of time",0.37621,-0.091807,0.045603,0.016786,-0.25663,0.30277,0.264,0.50451,-0.24995,0.13982
v-09-11-4-1,48,0.444444444,0.444444444,-0.333333333,1.222222222,1,"irregular,complex,bumpy,dynamic,discontinuous,long","agitating,urgent,lively,energetic,rhythmic,comfortable,pleasant,interesting,unique","tapping,musical instruments,drums,game","encouragement,milestone,warning,alarm,get ready",0.36203,-0.05165,-0.14591,-0.12509,-0.047773,0.41127,-0.11129,-0.37327,-0.0041782,-0.031098
v-09-11-4-12,49,0.25,1.833333333,1.666666667,0.416666667,0.666666667,"rough,grainy,continuous,bumpy,simple","predictable,mechanical,comfortable,pleasant,familiar","engine,bell,game,alarm","finish,overtime,alarm,reminder,milestone,resume",-0.1074,0.22168,0.37574,-0.02374,-0.23114,-0.27815,-0.16898,0.22238,0.34331,0.05849
v-09-11-4-22,50,1.777777778,0.111111111,0.333333333,-0.222222222,0.888888889,"simple,continuous,flat,regular,grainy,rough,long","boring,predictable,annoying,mechanical,happy,calm","buzz,celebration,horn,alarm","warmup,cooldown,interval/rep,get ready,incoming msg",-0.28069,0.24921,0.2503,0.31126,-0.0055278,-0.41522,-0.12161,0.11764,0.35027,-0.30743
v-09-11-4-3,51,1.923076923,0.846153846,0.153846154,1.307692308,1.461538462,"discontinuous,dynamic,bumpy,complex,springy","rhythmic,unique,lively,pleasant,happy,interesting,comfortable,energetic,attention-catching,funny,surprising","tapping,morse code,riding,jumping","above intended threshold,speed up,start,one minute left,finish,running out of time,milestone,interval/rep,warmup,cooldown,below intended threshold,encouragement,reminder,warning,get ready",0.31552,-0.13748,-0.15337,-0.21931,-0.21076,0.46466,-0.094768,-0.23834,-0.19342,0.024119
v-09-11-4-41,4,0.181818182,-1.272727273,-0.363636364,1.181818182,-0.636363636,"ramping down,discontinuous,long,bumpy","calm,comfortable,familiar,sad,strange","coming or going,going away,riding,hearbeat","battery low,slow down,below intended threshold,cooldown",-0.021995,-0.15862,-0.11595,-0.075536,-0.40369,-0.13375,0.32743,0.1003,-0.12792,-0.27712
v-09-11-4-54,52,2.181818182,2.363636364,1.727272727,-1.090909091,2.909090909,"bumpy,rough,discontinuous,dynamic,regular,loud","urgent,angry,mechanical,agitating,fear,annoying,salient,attention-getting","tapping,alarm,pulsing,beep,poking,phone","finish,alarm,running out of time,overtime,above intended threshold,below intended threshold,warning",0.10237,-0.21636,-0.080029,0.095312,0.45724,-0.09313,-0.02341,-0.34788,0.17407,0.3856
v-09-11-4-8,5,1.181818182,0.181818182,0.545454545,0.545454545,1.181818182,"regular,discontinuous,simple,firm","rhythmic,familiar,boring,predictable,calm,mechanical",tapping,"reminder,warning",-0.34294,-0.22224,0.063804,0.0053041,-0.14327,-0.38664,-0.25718,-0.36073,-0.42923,-0.20825
v-09-12-1-0,53,-2.636363636,0.272727273,-0.909090909,0.272727273,-2.090909091,"discontinuous,irregular,grainy","comfortable,calm,strange","poking,nature,animal","battery low,resume,pause,get ready",0.21708,-0.2156,0.15603,0.006609,-0.38577,-0.055342,0.40088,0.12406,-0.11717,-0.51475
v-09-12-1-19,54,-1.222222222,0.333333333,1,0.666666667,-1.222222222,"short,discontinuous,simple,rough","pleasant,calm,comfortable,interesting",,"confirmation,reminder,get ready,pause,resume,one minute left,milestone,slow down,interval/rep",-0.17312,-0.11528,0.43753,-0.12043,-0.48974,0.076243,0.066747,0.20274,-0.29397,-0.44545
v-09-12-1-23,55,-2.538461538,1.615384615,-0.461538462,0.769230769,-2.153846154,"short,simple,continuous,smooth,soft","comfortable,pleasant,calm","beep,game,poking","milestone,get ready,resume,pause,confirmation,battery low,incoming msg,warning,reminder,one minute left,halfway",-0.39595,0.48205,0.029274,-0.35067,-0.50689,-0.050803,0.038182,-0.16403,0.18051,-0.44388
v-09-12-1-29,56,-1.416666667,1.25,-0.916666667,1.333333333,-1.5,"regular,short,discontinuous,soft","pleasant,natural,comfortable,lively,familiar,happy,calm","beep,game,heartbeat,pawing,animal,musical instruments,drums,tapping","confirmation,milestone,get ready,incoming msg,battery low,reminder,resume,pause,one minute left,interval/rep,warmup,cooldown,warning",-0.30611,-0.19449,-0.080137,-0.066604,-0.48795,0.084006,-0.1035,-0.22787,-0.0097893,-0.43032
v-09-12-1-39,57,-1.272727273,-1.272727273,-1.272727273,1.181818182,-1.181818182,"smooth,regular,ramping down,soft","calm,pleasant,comfortable,natural","musical instruments,drums,echo,bell","battery low,interval/rep,warning,below intended threshold,get ready,resume,confirmation",-0.37173,0.14371,-0.41674,0.062049,-0.53344,-0.064191,0.061895,-0.038975,0.10139,-0.3613
v-09-12-1-48,58,1.461538462,1.769230769,1.153846154,0.846153846,1.923076923,"discontinuous,bumpy,rough,regular","happy,comfortable,rhythmic,agitating","tapping,pulsing,beep","speed up,encouragement,milestone,running out of time,get ready,resume,warmup,cooldownwarm up/cool down,incoming msg",-0.07528,-0.35687,-0.0084065,0.11364,-0.12654,0.24933,-0.15439,-0.41738,-0.20399,-0.089975
v-09-12-1-53,59,1.222222222,2.222222222,1,1.777777778,1.555555556,"regular,discontinuous,spiky","lively,agitating,urgent,happy,interesting","hearbeat,musical instruments,drums","running out of time,reminder,encouragement,above intended threshold,below intended threshold,milestone,warning,get ready,battery low",-0.18323,-0.41676,-0.093329,0.089192,0.19489,0.39212,-0.057406,-0.1635,-0.046036,-0.10461
v-09-12-2-17,60,-1.222222222,2.111111111,0.111111111,1.222222222,-0.666666667,"discontinuous,grainy,regular,spiky,bumpy,simple","happy,lively,energetic,comfortable,pleasant,mechanical,rhythmic","gun,engine,animal","milestone,speed up,below intended threshold,get ready",-0.22273,-0.22917,0.070534,-0.013889,-0.1549,0.21027,-0.37325,0.46779,-0.18179,-0.074812
v-09-12-2-20,61,0.846153846,2.230769231,0.076923077,0.615384615,1.846153846,"regular,discontinuous,spiky,bumpy","urgent,energetic,attention-catching,mechanical,agitating,rhythmic","tapping,game","speed up,overtime,running out of time,one minute left,milestone,encouragement,reminder,warning,alarm,finish,get ready",-0.13197,-0.39715,-0.14188,-0.049981,0.34441,0.090761,-0.24379,-0.38073,-0.10866,0.1637
v-09-12-2-23,62,-1.071428571,0.5,-1,0.571428571,0.285714286,"continuous,dynamic,smooth,wavy,soft","boring,predictable,pulsing,comfortable,pleasant","alarm,beep,sliding,pawing,animal","warning,overtime,running out of time,reminder,encouragement,above intended threshold,remain constant (no faster/slower,no higher/lower threshold); countdown,incoming msg",0.042784,0.51154,-0.33348,-0.12837,-0.37297,-0.25531,-0.02077,0.053025,0.24978,0.11142
v-09-12-2-40,63,-0.545454545,-1.181818182,0.818181818,-0.545454545,-1.545454545,"irregular,discontinuous,dynamic,spiky,complex,bumpy","unique,natural,strange",walking,,0.3751,-0.18294,-0.077176,-0.25895,-0.10453,0.14153,0.5047,0.12683,-0.14732,-0.12039
v-09-12-8-10,64,3,0.545454545,0.636363636,-1.181818182,2.636363636,"dynamic,ramping up,continuous,rough,smooth transition,long","urgent,annoying,mechanical,angry","engine,snoring,horn,animal","overtime,alarm,speed up,start,interval/rep",0.21752,0.4642,0.081066,0.32809,0.47928,-0.16207,-0.092648,0.45705,-0.14372,0.2904
v-09-12-8-13,65,-0.384615385,-0.538461538,-1.846153846,0.461538462,-0.692307692,"continuous,ramping up,simple,smooth transition,long","mechanical,boring,predictable,familiar","engine,buzz,animal,snoring","finish,overtime,get ready,resume,incoming msg,below intended threshold,halfway",-0.2069,0.53883,0.13314,0.12265,-0.020885,-0.50523,-0.15257,0.49872,-0.17948,-0.062906
v-09-12-8-21,66,-1.384615385,0.384615385,-0.923076923,1.076923077,-1.615384615,"short,simple,continuous,firm,flat,smooth","calm,comfortable,familiar,boring,predictable,sad,natural","tapping,beep,clock,poking","confirmation,resume,pause,battery low,milestone,warning",-0.33446,0.44088,0.19385,-0.28536,-0.44792,-0.35918,0.049093,-0.40007,-0.16354,-0.45688
v-09-12-8-27,67,-2.444444444,-0.111111111,-1.666666667,1.222222222,-2.555555556,"smooth,simple,continuous,flat,soft","calm,comfortable,boring,predictable,natural","beep,bell,nature","resume,confirmation",-0.40033,0.526,-0.080381,-0.24674,-0.44292,-0.34653,0.041525,-0.008795,0.083346,-0.30986
v-09-12-8-30,68,-2.909090909,0.090909091,0.818181818,0.818181818,-2.181818182,"short,grainy,simple,flat","creepy,calm,strange,boring","animal,snoring,nature","pause,incoming msg,interval/rep,no/not allowed (opposite of confirmation)",-0.29585,0.26601,0.49898,-0.10597,-0.22149,-0.25925,0.42792,0.28368,-0.13988,-0.30897
v-09-12-8-32,69,1.777777778,0.777777778,0.666666667,0.666666667,0.888888889,"continuous,irregular,short,dynamic","surprising,comfortable,mechanical,unique",animal,"finish,milestone,reminder,confirmation",0.33038,0.40814,0.16679,-0.23698,-0.0094406,0.093374,0.082619,0.28946,-0.23718,-0.1982
v-09-16-1-43,70,-2,1.888888889,-1.444444444,1.444444444,-2.222222222,"simple,soft","comfortable,familiar",beep,"confirmation,battery low,resume,pause,interval/rep",-0.44007,0.3171,0.064306,-0.26704,-0.4118,-0.048374,0.019038,-0.041574,-0.021711,-0.49429
v-09-16-1-56,71,1.923076923,1.461538462,0.384615385,-0.538461538,1.615384615,"ramping up,dynamic,irregular,discontinuous","angry,surprising,annoying,agitating,strange,mechanical,uncomfortable,lively,fear","alarm,coming or going,game,bell,horn,jumping","warning,alarm,overtime,running out of time,speed up,start,above intended threshold,below intended threshold,resume",0.38711,-0.0054015,-0.074519,0.033838,0.3767,0.069903,0.1566,0.074941,0.38847,0.28853
v-09-18-1-55,72,-2.166666667,-1.5,-0.166666667,0.5,-2,"regular,spiky,discontinuous,simple","calm,rhythmic,familiar,natural,predictable","hearbeat,tapping","halfway,pause,battery low,get ready,warmup,cooldown",-0.33658,-0.25902,0.060452,-0.0087462,-0.32758,-0.25752,-0.17442,-0.40666,-0.36743,-0.44151
v-09-18-2-7,73,2.363636364,1.636363636,1.727272727,-0.090909091,2.181818182,"irregular,rough,complex,dynamic,discontinuous,grainy","unique,surprising,urgent,agitating,interesting,mechanical,strange",beep,"running out of time,encouragement,alarm,warning,one minute left",0.42819,-0.061095,0.15359,0.077771,0.32436,0.18923,0.26543,-0.041574,-0.021711,0.24674
v-09-18-4-12,74,-0.090909091,1.090909091,1.454545455,-0.909090909,0.818181818,"grainy,complex,irregular,discontinuous,rough","funny,mechanical,strange,urgent,creepy,happy,interesting","jumping,animal,game,musical instruments,drums,alarm","reminder,one minute left,warning",0.32074,-0.14511,0.25101,0.073813,0.19805,0.12484,0.14505,-0.020358,0.3295,-0.16079
v-09-18-4-15,75,0.111111111,1.888888889,0.666666667,-0.555555556,0.888888889,"rough,dynamic,discontinuous,complex,short,irregular,spiky","unique,strange,calm,rhythmic,lively,annoying,mechanical","beep,tapping,poking","milestone,resume,battery low,reminder,confirmation,interval/rep,get ready,one minute left,finish,alarm",0.33399,-0.10393,0.21146,-0.15845,0.06766,0.08562,0.012431,-0.42546,-0.15138,-0.21289
v-09-18-4-16,6,-0.545454545,1.818181818,-0.181818182,0.727272727,0.454545455,"short,spiky,discontinuous,simple","funny,familiar,interesting","beep,bell,game,hearbeat,phone,frogs,animal","confirmation,pause,interval/rep,incoming msg,resume,cooldownwarm up/cool down,start,get ready",-0.24527,-0.1631,0.32225,-0.30302,-0.18312,0.11019,0.047845,-0.031928,0.11749,-0.40341
v-09-18-4-18,76,1.153846154,0.769230769,0,0.769230769,1.461538462,"discontinuous,bumpy,dynamic,regular","comfortable,happy,lively,interesting,unique,rhythmic","beep,horn,alarm,game,nature,animal,tapping","start,get ready,milestone,encouragement,running out of time,speed up,warning,reminder,battery low,below intended threshold,above intended threshold,pause,slow down",0.08392,-0.23331,-0.25559,0.0016856,-0.23533,0.48133,-0.12949,-0.17248,0.17721,-0.1137
v-09-18-4-22,77,-1.076923077,-1.846153846,-1.769230769,1.230769231,-2.153846154,"smooth,regular,discontinuous,dynamic,ramping down,simple,soft,long","sad,calm,natural,unique,familiar,boring,predictable","breathing,pulsing,hearbeat","pause,get ready,battery low",-0.18702,0.10034,-0.23816,0.015161,-0.33179,-0.30663,0.13243,-0.069513,-0.21374,-0.48081
v-09-18-4-56,78,-0.090909091,-0.727272727,-0.727272727,-0.727272727,-0.090909091,"long,smooth transition,ticklish","creepy,strange,uncomfortable,agitating","coming or going,alarm,sliding","alarm,get ready",-0.037111,0.28832,0.0073734,0.18838,0.23472,0.042533,0.48055,0.1561,0.35361,0.042823
v-09-23-6-24,79,-0.777777778,0.888888889,-0.111111111,-1,1.111111111,"continuous,dynamic,ramping up","annoying,mechanical,strange,creepy,urgent,sad","animal,engine,sliding,coming or going","alarm,slow down,warning,cooldown",0.26722,0.53968,-0.08781,0.13383,0.35221,-0.15692,0.24936,0.48005,-0.12992,0.01252
v-09-26-1-39,80,-1.153846154,-1,-2.076923077,1,-2.153846154,"discontinuous,smooth,regular,simple,ramping up,flat,soft,grainy","sad,calm,pleasant,comfortable,strange",pulsing,"slow down,battery low,pause,get ready,warmup,cooldown",-0.31724,0.091214,-0.089253,0.12462,-0.42422,-0.053768,0.32789,0.045842,-0.21418,-0.4578
v-10-09-1-1,81,-1.818181818,1.39E-17,-1.272727273,1,-1.454545455,"irregular,discontinuous,pointy,soft","comfortable,mechanical,rhythmic,calm","tapping,drums","milestone,cooldown,interval/rep,pause",0.087652,-0.11344,-0.094566,-0.21703,-0.19771,-0.092993,-0.24056,-0.4064,-0.24713,-0.37006
v-10-09-1-11,82,-1,-1.111111111,-1.555555556,1.111111111,-1.333333333,"smooth,discontinuous,bumpy,complex","pleasant,calm,comfortable,unique,natural,rhythmic,interesting",pawing,"encouragement,reminder,milestone,above intended threshold,incoming msg,below intended threshold",0.085582,-0.1458,-0.26676,-0.30252,-0.42168,0.21865,-0.014061,0.11738,-0.17644,-0.080585
v-10-09-1-12,83,1.153846154,0.461538462,1.538461538,1.076923077,1.153846154,"discontinuous,irregular,rough","comfortable,mechanical,lively,rhythmic,agitating","alarm,musical instruments,game","overtime,running out of time,speed up,encouragement,above intended threshold,below intended threshold,alarm,milestone,warmup,cooldownwarm up/cool down",0.24688,-0.259,0.23399,0.011374,0.045379,0.16883,-0.28285,-0.097927,0.49798,0.3236
v-10-09-1-14,7,0.333333333,0.666666667,-0.75,1.083333333,1.416666667,"dynamic,discontinuous,long,complex,smooth","lively,unique,interesting,mechanical,comfortable,rhythmic,happy","phone,musical instruments,drums,beep,music,singing,celebration","encouragement,speed up,finish,alarm,milestone",0.22315,0.065452,-0.27872,-0.031011,-0.087672,0.32958,-0.21929,-0.10962,0.19207,0.26832
v-10-09-1-16,84,-0.857142857,-0.285714286,-0.428571429,0.071428571,0.142857143,"ramping up,dynamic,regular,discontinuous,smooth","mechanical,calm,comfortable",engine,"below intended threshold,speed up,alarm,running out of time,above intended threshold",0.020467,-0.019692,-0.32953,0.17342,-0.1982,-0.23201,-0.091063,0.50451,-0.24995,0.44946
v-10-09-1-20,85,-1,-2.416666667,-1,0.083333333,-0.916666667,"long,dynamic,simple,flat,smooth,ramping up,regular,continuous,soft","strange,sad,predictable,calm","snoring,nature","battery low,slow down,below intended threshold",-0.2208,0.43801,-0.23502,0.10102,-0.22584,-0.35417,0.38275,0.1935,-0.078441,-0.24508
v-10-09-1-8,86,-1.153846154,-0.769230769,-1.230769231,-0.538461538,0.307692308,"ramping up,smooth,soft,regular,long","predictable,mechanical","buzz,animal,celebration","below intended threshold,speed up,alarm,warning,above intended threshold,running out of time,overtime,get ready,reminder",-0.30085,0.25932,-0.42852,0.28057,0.15494,-0.43382,-0.19124,0.26752,-0.064806,0.22176
v-10-09-5-0,87,1.888888889,3,0.777777778,-0.222222222,1.666666667,"bumpy,rough,simple,dynamic,discontinuous,regular","urgent,mechanical,agitating,predictable","alarm,tapping","overtime,alarm,finish,running out of time,above intended threshold,one minute left,warning",-0.035483,-0.13216,0.023846,0.0078471,0.37962,-0.27108,-0.091001,-0.36397,0.1183,0.36838
v-10-09-5-2,88,2.454545455,1.363636364,1.181818182,0.363636364,2.545454545,"regular,discontinuous,bumpy","lively,energetic,attention-catching,mechanical,rhythmic,annoying","tapping,morse code","warning,running out of time,speed up,alarm,above intended threshold,interval/rep,get ready,one minute left",-0.13807,-0.37954,-0.21074,-0.015712,0.20134,0.13866,-0.35525,-0.36364,-0.28313,0.19013
v-10-09-5-4,89,2.545454545,0.545454545,1.454545455,-0.818181818,2.181818182,"rough,simple","mechanical,urgent,predictable,strange","alarm,bell,electric shock","above intended threshold,finish,one minute left,overtime,running out of time,warmup,alarm",-0.20889,0.15196,0.51996,0.041646,0.27946,-0.27729,0.16196,0.067285,0.41442,0.38935
v-10-09-5-7,90,1.833333333,2.833333333,2.5,-1,2.583333333,"discontinuous,grainy,regular,rough,irregular,short,ticklish","urgent,annoying,agitating,mechanical,fear","electric shock,gun,beep,game","overtime,warning,above intended threshold,speed up,finish,alarm,below intended threshold,interval/rep",0.0255,-0.18114,0.24435,0.14582,0.5015,-0.1375,-0.050591,-0.029825,0.20681,0.32118
v-10-10-1-10,8,1.166666667,-0.833333333,0.75,1.333333333,1.166666667,"smooth,regular","pleasant,comfortable,calm,boring,predictable,familiar,natural,rhythmic",,"slow down,warning,above intended threshold,halfway",-0.34458,0.027408,-0.42115,0.17235,-0.4646,-0.20146,-0.14386,0.20274,-0.29397,-0.050254
v-10-10-1-18,91,1.363636364,1.181818182,0.090909091,0.454545455,1.272727273,"discontinuous,regular","rhythmic,lively,happy,energetic,attention-catching,unique,predictable,mechanical","morse code,alarm,beep,game,hearbeat,poking","warning,reminder,battery low,one minute left,milestone,get ready",-0.18831,-0.39739,-0.15225,0.16856,0.027908,0.15918,-0.2946,-0.21692,0.27993,-0.35207
v-10-10-1-21,92,2.357142857,1.142857143,1.857142857,-1.5,2.285714286,"discontinuous,rough,ramping up,dynamic","agitating,urgent,annoying,uncomfortable,mechanical,unique,interesting,strange,surprising","phone,alarm,riding","speed up,running out of time,overtime,finish,alarm,warning,below intended threshold,above intended threshold,interval/rep,one minute left,confirmation",0.27748,-0.036024,0.07229,0.21991,0.38514,0.13911,0.26557,0.033679,0.43192,0.29159
v-10-10-1-5,93,1.615384615,0.153846154,-0.153846154,-0.153846154,0.692307692,"ramping up,dynamic,discontinuous,smooth,regular","urgent,agitating,strange","sliding,coming or going,alarm,game","alarm,overtime,speed up,warmup,interval/rep,encouragement",0.020467,-0.019692,-0.32953,0.17342,0.34235,0.061326,0.41882,0.09033,0.41243,0.26034
v-10-18-11-11,9,2.916666667,2.25,1.75,-1.833333333,2.916666667,"ramping down,discontinuous,rough,simple,short","mechanical,urgent,angry,strange,annoying,uncomfortable,surprising","phone,alarm,beep,game","finish,overtime,alarm,one minute left,above intended threshold,below intended threshold,battery low",-0.17412,-0.074033,0.40107,-0.099575,0.44551,-0.066265,0.24356,-0.13294,0.52276,0.23527
v-10-21-2-48,94,2.333333333,0.416666667,2.583333333,-1.583333333,2.416666667,"discontinuous,rough,grainy,dynamic,short,firm","urgent,annoying,uncomfortable,agitating,fear,angry,mechanical","musical instruments,drums,cymbal,explosion tapping","alarm,running out of time,overtime,finish,interval/rep,warning",0.18986,-0.069363,0.30916,0.035282,0.50509,-0.11599,-0.013441,-0.058739,0.05621,0.2945
v-10-21-3-11,95,1.923076923,2.076923077,0.769230769,1.076923077,2.076923077,"discontinuous,regular,simple,grainy,bumpy","happy,lively,energetic,comfortable,pleasant,familiar,natural,strange","tapping,game","start,one minute left,running out of time,speed up,warning,alarm,finish,milestone,resume,overtime,warmup,cooldown,confirmation",-0.23777,-0.20283,0.036263,0.0077837,-0.36926,0.19406,0.058498,-0.38073,-0.10866,0.11082
v-10-21-3-17,96,2.916666667,1.25,2.416666667,-0.25,2.916666667,"irregular,rough,discontinuous,complex","urgent,agitating,mechanical,unique,angry","buzz,alarm","overtime,interval/rep,alarm,running out of time,finish,reminder",0.34221,-0.18125,0.1776,-0.039528,0.42563,0.047494,0.021417,0.11877,0.38873,0.25697
v-10-21-3-2,97,0.444444444,1.111111111,-0.666666667,0.777777778,0.444444444,"bumpy,discontinuous,short,regular,dynamic","interesting,attention-catching,strange","beep,clock","reminder,get ready,incoming msg,resume,milestone,warmup,one minute left,battery low,warning",0.01641,-0.19192,-0.107,-0.12309,-0.031319,0.20795,0.41708,-0.13455,0.0062208,-0.3818
v-10-21-3-21,98,0.384615385,0.384615385,1,0.538461538,0.384615385,"short,ramping down,flat","boring,comfortable,calm",,interval/rep,-0.19218,0.24909,0.26467,-0.17678,-0.45693,-0.22073,0.066455,0.20274,-0.29397,-0.17377
v-10-21-3-30,99,-0.333333333,1.666666667,0.583333333,-0.666666667,0.666666667,"simple,continuous,short","strange,mechanical,annoying,uncomfortable","beep,buzz,electric shock,alarm","battery low,milestone,warmup,resume,incoming msg,warning",-0.32801,0.4367,0.41267,-0.32,0.35971,-0.17051,0.24513,0.023005,0.37976,-0.36889
v-10-21-3-33,100,-0.307692308,2.076923077,0.153846154,0.307692308,0.307692308,"spiky,bumpy,simple,regular,short,discontinuous","lively,pleasant,comfortable,unique,interesting","tapping,beep,poking,clock","get ready,resume,pause,milestone,incoming msg,confirmation,warning,reminder,battery low,warmup,cooldown",-0.29769,-0.21984,0.092245,-0.20946,-0.31757,0.40402,0.015549,-0.40007,-0.16354,-0.47623
v-10-21-3-39,101,1.916666667,2.333333333,2.583333333,-1.666666667,2.666666667,"short,rough,discontinuous,firm","urgent,agitating,uncomfortable,angry,mechanical,annoying,fear","alarm,game,fail game,gun,electric shock","warning,above intended threshold,overtime,alarm,battery low,below intended threshold,finish,resume,pause",-0.008967,-0.20921,0.37638,-0.06964,0.50509,-0.11599,-0.013441,0.038914,0.39663,0.04099
v-10-21-3-4,102,2.5,2.857142857,0.285714286,-0.928571429,2.642857143,"ramping up,short,discontinuous,spiky,dynamic","urgent,agitating,lively,energetic,fear,angry,uncomfortable,annoying,surprising","tapping,jumping,musical instruments,drums,coming or going,SOS,celebration,gun,alarm,poking","speed up,running out of time,warning,one minute left,reminder,above intended threshold,below intended threshold,milestone,encouragement,resume,alarm",0.14347,-0.046326,0.077985,-0.078405,0.37936,0.18951,0.030698,-0.16458,0.14936,0.13253
v-10-21-3-45,103,2.916666667,2.083333333,2.75,-1.166666667,2.833333333,"discontinuous,rough,regular,complex","agitating,rhythmic,urgent,uncomfortable,annoying,mechanical,lively","alarm,phone,musical instruments,drums,game,celebration","finish,overtime,running out of time,alarm,above intended threshold,below intended threshold,interval/rep,encouragement",0.028912,-0.28337,0.0082883,0.19219,0.40521,0.10143,-0.22265,-0.099364,0.46219,0.38888
v-10-21-3-7,104,0.461538462,1.307692308,-0.230769231,0.230769231,0.769230769,"dynamic,continuous,complex,bumpy","surprising,unique,agitating,strange","engine,getting close,coming & going,sliding","alarm,warning,speed up,running out of time,finish,above intended threshold,below intended threshold,start,get ready,milestone",0.32525,0.32254,-0.15387,-0.23924,0.17859,0.24801,0.53551,0.35114,-0.09477,0.2126
v-10-23-1-10,105,3,1.777777778,1.777777778,-1.666666667,2.666666667,"discontinuous,ramping down,ramping up,rough,dynamic,irregular,firm,long","urgent,mechanical,uncomfortable,annoying,lively,rhythmic,surprising","coming or going,phone,alarm,horn,beep","alarm,overtime,get ready,running out of time",0.2749,0.062637,0.078337,0.18273,0.3644,0.12876,-0.17957,0.021781,0.42292,0.26671
v-10-23-1-16,106,2.555555556,2,2.222222222,-1.444444444,2.777777778,"discontinuous,rough,short,spiky,complex,firm","annoying,urgent,agitating,uncomfortable,surprising","phone,alarm,SOS,horn,game,beep,poking","overtime,warning,running out of time,speed up,finish,alarm,above intended threshold",0.090627,-0.19228,0.32201,-0.14886,0.45691,0.041684,0.20981,-0.12535,0.43409,0.43497
v-10-23-1-21,107,-0.071428571,-0.285714286,0.428571429,0.142857143,0.428571429,"rough,grainy,dynamic,continuous,ramping up,smooth,bumpy","mechanical,boring,predictable,annoying,urgent,interesting","coming or going,engine,snoring,something moving,something rolling,sliding","one minute left,speed up,running out of time,warning,above intended threshold,below intended threshold,battery low,milestone,halfway",0.17688,0.32864,-0.020688,0.14186,0.24897,-0.26112,-0.073849,0.40147,-0.080129,0.045484
v-10-23-1-23,108,0.818181818,-0.363636364,1.727272727,-0.272727273,0.727272727,"grainy,rough,discontinuous,firm",mechanical,"engine,electric shock,snoring,coming or going,stopping,growl,chainsaw,a door closing","finish,interval/rep,warmup,warning",0.075114,-0.22547,0.34153,0.1925,0.25913,-0.24314,-0.201,0.35598,-0.056513,-0.044253
v-10-23-1-24,109,2.5,0.916666667,1.333333333,-0.583333333,1.5,"rough,grainy,dynamic,complex,ramping up,continuous,ticklish","angry,mechanical,agitating,urgent,annoying,uncomfortable,fear,interesting,unique,funny,surprising","engine,gun,buzz,animal,coming or going,celebration","running out of time,finish,speed up,alarm,get ready,encouragement",0.33743,0.37986,0.18338,0.26769,0.39563,0.1379,0.11235,0.45213,-0.088008,0.30845
v-10-28-7-22,110,3,1.555555556,1,-0.111111111,2.333333333,"complex,discontinuous,dynamic,irregular,long","urgent,mechanical,rhythmic,agitating,unique,fear,interesting","SOS,alarm,beep,tapping,drums","running out of time,overtime,finish,speed up,above intended threshold,alarm,get ready,incoming msg",0.39714,-0.011312,-0.10259,-0.034186,0.31275,0.20154,-0.10622,-0.35728,0.19407,0.33207
v-10-28-7-23,111,1.714285714,1,2.5,-1.428571429,2.642857143,"rough,grainy,discontinuous,irregular","annoying,urgent,agitating,uncomfortable,angry,mechanical,rhythmic,surprising","alarm,tapping","alarm,running out of time,overtime,finish,one minute left,warmup",0.23935,-0.19356,0.30101,0.14285,0.4589,0.034965,-0.071501,-0.36397,0.1183,0.35555
v-10-28-7-26,112,-0.076923077,0.692307692,0.461538462,-0.692307692,0.538461538,"irregular,dynamic,spiky,rough,discontinuous","strange,surprising,unique","pawing,animal,nature","speed up,encouragement",0.34565,-0.19035,0.1484,-0.025027,0.049987,0.23569,0.56845,0.20145,-0.14655,0.1329
v-10-28-7-29,10,-0.777777778,0.333333333,1.111111111,-0.888888889,0.777777778,"irregular,grainy,bumpy","mechanical,annoying,strange,predictable","riding,coming or going,engine","warning,alarm,warmup,cooldown",0.24419,-0.0023235,0.098915,-0.12383,0.2428,-0.35481,0.17831,0.45054,-0.102,0.049785
v-10-28-7-31,113,-1.555555556,-0.555555556,-1,0.555555556,-1.222222222,"regular,soft,discontinuous,simple,grainy,flat","familiar,calm,boring,predictable,pleasant,comfortable,rhythmic,unique","walking,tapping,clock","battery low,slow down,warning,reminder",-0.35877,-0.049183,0.029498,0.071059,-0.42428,-0.10622,-0.082025,-0.32717,-0.29056,-0.35347
v-10-28-7-33,114,1.538461538,1.846153846,0.384615385,-0.153846154,0.461538462,"ramping down,discontinuous,irregular,dynamic,grainy","strange,comfortable,lively,mechanical","buzz,engine","speed up,above intended threshold,encouragement,running out of time",0.3258,-0.054807,0.040053,0.02442,-0.049936,0.09185,0.077725,0.46833,-0.1315,0.34114
v-10-28-7-35,115,0.833333333,-0.583333333,-0.333333333,-0.333333333,0.333333333,"simple,continuous,regular,ramping down,smooth,long,flat,soft","sad,comfortable,familiar,calm","buzz,animal,fog horn","finish,interval/rep,overtime,get ready,congratulations,reminder",-0.43277,0.38845,-0.17651,0.028059,-0.47607,-0.16929,0.069604,0.27389,-0.097103,-0.080084
v-10-28-7-36,116,0.583333333,0.25,2.75,-1.25,1.666666667,"grainy,simple,flat,regular,continuous,long,rough","agitating,urgent,boring,predictable,annoying,uncomfortable,mechanical,fear","buzz,electric shock,engine,snoring,phone,animal","overtime,finish,alarm,get ready,incoming msg",-0.28069,0.24921,0.2503,0.31126,0.3768,-0.3243,-0.020907,0.41756,-0.00046662,0.15621
v-10-29-4-20,117,1.333333333,-1,0.777777778,-0.111111111,1.111111111,"ramping up,ramping down,grainy,regular","uncomfortable,mechanical,comfortable,calm,pleasant","snoring,engine,coming or going,breathing",,-0.16426,0.10156,-0.018051,0.50524,-0.17678,-0.1616,-0.05861,0.44856,-0.12744,-0.12945
v-10-29-4-22,118,0.888888889,1.444444444,-0.888888889,1.555555556,1.555555556,"discontinuous,complex,dynamic,irregular,ramping up,smooth","surprising,interesting,unique,strange,mechanical,comfortable,lively","engine,game","speed up,below intended threshold,alarm,above intended threshold",0.35409,0.10393,-0.21509,-0.050978,-0.022394,0.27995,0.16092,0.31173,0.030377,0.38088
